timestamp,log_type,message,stacktrace
0,Warning,You are trying to create a MonoBehaviour using the 'new' keyword.  This is not allowed.  MonoBehaviours can only be added using AddComponent(). Alternatively your script can inherit from ScriptableObject or no base class at all,UnityEngine.MonoBehaviour:.ctor ().  ExperimentGenerator:.ctor () (at Assets/Scripts/Core/ExperimentGenerator.cs:15).  ExperimentController:Start () (at Assets/Scripts/Core/ExperimentController.cs:54).  
0,Warning,A Canvas named "[UXF_UI]" with a render mode of ScreenSpaceOverlay is being used while VR is also enabled. This Canvas will continue to incur a rendering cost but will not be visible while in VR. Is this intentional?,
3.448828,Log,[<b><color=#AD477C>UXF</color></b>] Beginning session.,UnityEngine.Debug:Log (object).  UXF.Utilities:UXFDebugLog (string) (at Assets/UXF/Scripts/Etc/Utilities.cs:13).  UXF.Session:Begin (stringstringintSystem.Collections.Generic.Dictionary`2<string object>UXF.Settings) (at Assets/UXF/Scripts/Session.cs:348).  UXF.UI.UIController/<>c__DisplayClass43_0:<TryBeginSessionFromUISequence>b__2 () (at Assets/UXF/Scripts/UI/UIController.cs:429).  UXF.UI.PopupController:OkPress () (at Assets/UXF/Scripts/UI/PopupController.cs:32).  UnityEngine.XR.Interaction.Toolkit.UI.UIInputModule:Update () (at ./Library/PackageCache/com.unity.xr.interaction.toolkit@2.3.2/Runtime/UI/UIInputModule.cs:133).  
3.448828,Log,The experiment is being run in VR,UnityEngine.Debug:Log (object).  ExperimentController:SessionBegin (UXF.Session) (at Assets/Scripts/Core/ExperimentController.cs:159).  UnityEngine.Events.UnityEvent`1<UXF.Session>:Invoke (UXF.Session).  UXF.Session:Begin (stringstringintSystem.Collections.Generic.Dictionary`2<string object>UXF.Settings) (at Assets/UXF/Scripts/Session.cs:351).  UXF.UI.UIController/<>c__DisplayClass43_0:<TryBeginSessionFromUISequence>b__2 () (at Assets/UXF/Scripts/UI/UIController.cs:429).  UXF.UI.PopupController:OkPress () (at Assets/UXF/Scripts/UI/PopupController.cs:32).  UnityEngine.XR.Interaction.Toolkit.UI.UIInputModule:Update () (at ./Library/PackageCache/com.unity.xr.interaction.toolkit@2.3.2/Runtime/UI/UIInputModule.cs:133).  
3.448828,Log,Input device set as vr_controller,UnityEngine.Debug:Log (object).  ExperimentController:TrialBegin () (at Assets/Scripts/Core/ExperimentController.cs:247).  UnityEngine.Events.UnityEvent`1<UXF.Trial>:Invoke (UXF.Trial).  UXF.Trial:Begin () (at Assets/UXF/Scripts/Etc/Trial.cs:129).  ExperimentController:BeginNextTrial () (at Assets/Scripts/Core/ExperimentController.cs:216).  ExperimentController:SessionBegin (UXF.Session) (at Assets/Scripts/Core/ExperimentController.cs:188).  UnityEngine.Events.UnityEvent`1<UXF.Session>:Invoke (UXF.Session).  UXF.Session:Begin (stringstringintSystem.Collections.Generic.Dictionary`2<string object>UXF.Settings) (at Assets/UXF/Scripts/Session.cs:351).  UXF.UI.UIController/<>c__DisplayClass43_0:<TryBeginSessionFromUISequence>b__2 () (at Assets/UXF/Scripts/UI/UIController.cs:429).  UXF.UI.PopupController:OkPress () (at Assets/UXF/Scripts/UI/PopupController.cs:32).  UnityEngine.XR.Interaction.Toolkit.UI.UIInputModule:Update () (at ./Library/PackageCache/com.unity.xr.interaction.toolkit@2.3.2/Runtime/UI/UIInputModule.cs:133).  
3.448828,Log,Setting VR position,UnityEngine.Debug:Log (object).  BaseTask:SetUp () (at Assets/Scripts/Core/BaseTask.cs:180).  ProjectileTask:SetUp () (at Assets/Scripts/Tasks/ProjectileTask.cs:324).  ExperimentController:TrialBegin () (at Assets/Scripts/Core/ExperimentController.cs:255).  UnityEngine.Events.UnityEvent`1<UXF.Trial>:Invoke (UXF.Trial).  UXF.Trial:Begin () (at Assets/UXF/Scripts/Etc/Trial.cs:129).  ExperimentController:BeginNextTrial () (at Assets/Scripts/Core/ExperimentController.cs:216).  ExperimentController:SessionBegin (UXF.Session) (at Assets/Scripts/Core/ExperimentController.cs:188).  UnityEngine.Events.UnityEvent`1<UXF.Session>:Invoke (UXF.Session).  UXF.Session:Begin (stringstringintSystem.Collections.Generic.Dictionary`2<string object>UXF.Settings) (at Assets/UXF/Scripts/Session.cs:351).  UXF.UI.UIController/<>c__DisplayClass43_0:<TryBeginSessionFromUISequence>b__2 () (at Assets/UXF/Scripts/UI/UIController.cs:429).  UXF.UI.PopupController:OkPress () (at Assets/UXF/Scripts/UI/PopupController.cs:32).  UnityEngine.XR.Interaction.Toolkit.UI.UIInputModule:Update () (at ./Library/PackageCache/com.unity.xr.interaction.toolkit@2.3.2/Runtime/UI/UIInputModule.cs:133).  
3.448828,Log,Setting VR to (0.00 0.40 -0.50),UnityEngine.Debug:Log (object).  ExperimentController:CenterOVRPlayerController () (at Assets/Scripts/Core/ExperimentController.cs:198).  ExperimentController:TrialBegin () (at Assets/Scripts/Core/ExperimentController.cs:262).  UnityEngine.Events.UnityEvent`1<UXF.Trial>:Invoke (UXF.Trial).  UXF.Trial:Begin () (at Assets/UXF/Scripts/Etc/Trial.cs:129).  ExperimentController:BeginNextTrial () (at Assets/Scripts/Core/ExperimentController.cs:216).  ExperimentController:SessionBegin (UXF.Session) (at Assets/Scripts/Core/ExperimentController.cs:188).  UnityEngine.Events.UnityEvent`1<UXF.Session>:Invoke (UXF.Session).  UXF.Session:Begin (stringstringintSystem.Collections.Generic.Dictionary`2<string object>UXF.Settings) (at Assets/UXF/Scripts/Session.cs:351).  UXF.UI.UIController/<>c__DisplayClass43_0:<TryBeginSessionFromUISequence>b__2 () (at Assets/UXF/Scripts/UI/UIController.cs:429).  UXF.UI.PopupController:OkPress () (at Assets/UXF/Scripts/UI/PopupController.cs:32).  UnityEngine.XR.Interaction.Toolkit.UI.UIInputModule:Update () (at ./Library/PackageCache/com.unity.xr.interaction.toolkit@2.3.2/Runtime/UI/UIInputModule.cs:133).  
5.824297,Log,Button held,UnityEngine.Debug:Log (object).  ProjectileTask:Update () (at Assets/Scripts/Tasks/ProjectileTask.cs:170).  
5.94,Log,Launch time 0.1157031,UnityEngine.Debug:Log (object).  ProjectileTask:FixedUpdate () (at Assets/Scripts/Tasks/ProjectileTask.cs:124).  
5.94,Log,Launch vector (-0.48 0.34 0.81),UnityEngine.Debug:Log (object).  ProjectileTask:FixedUpdate () (at Assets/Scripts/Tasks/ProjectileTask.cs:125).  
5.94,Log,fire force: 5,UnityEngine.Debug:Log (object).  ProjectileTask:FixedUpdate () (at Assets/Scripts/Tasks/ProjectileTask.cs:135).  
5.94,Log,target angle: -30,UnityEngine.Debug:Log (object).  ProjectileTask:FixedUpdate () (at Assets/Scripts/Tasks/ProjectileTask.cs:136).  
5.94,Log,Launch force (-0.42 0.00 0.70),UnityEngine.Debug:Log (object).  ProjectileTask:FixedUpdate () (at Assets/Scripts/Tasks/ProjectileTask.cs:152).  
5.94,Log,Launch mag 0.8136243,UnityEngine.Debug:Log (object).  ProjectileTask:FixedUpdate () (at Assets/Scripts/Tasks/ProjectileTask.cs:153).  
6.89,Warning,Setting linear velocity of a kinematic body is not supported.,UnityEngine.Rigidbody:set_velocity (UnityEngine.Vector3).  BallDetector:OnTriggerEnter (UnityEngine.Collider) (at Assets/Scripts/Tasks/BallDetector.cs:14).  
6.9,Warning,Setting linear velocity of a kinematic body is not supported.,UnityEngine.Rigidbody:set_velocity (UnityEngine.Vector3).  BallDetector:OnTriggerEnter (UnityEngine.Collider) (at Assets/Scripts/Tasks/BallDetector.cs:14).  
6.911322,Log,Ball came to a stop,UnityEngine.Debug:Log (object).  ProjectileTask/<DisplayMessage>d__29:MoveNext () (at Assets/Scripts/Tasks/ProjectileTask.cs:308).  UnityEngine.MonoBehaviour:StartCoroutine (System.Collections.IEnumerator).  ProjectileTask:Update () (at Assets/Scripts/Tasks/ProjectileTask.cs:281).  
8.46577,Warning,Setting linear velocity of a kinematic body is not supported.,UnityEngine.Rigidbody:set_velocity (UnityEngine.Vector3).  ProjectileTask:TaskBegin () (at Assets/Scripts/Tasks/ProjectileTask.cs:369).  ExperimentController:TrialBegin () (at Assets/Scripts/Core/ExperimentController.cs:258).  UnityEngine.Events.UnityEvent`1<UXF.Trial>:Invoke (UXF.Trial).  UXF.Trial:Begin () (at Assets/UXF/Scripts/Etc/Trial.cs:129).  UXF.Session:BeginNextTrial () (at Assets/UXF/Scripts/Session.cs:429).  UXF.Session:BeginNextTrialSafe () (at Assets/UXF/Scripts/Session.cs:439).  ExperimentController:BeginNextTrial () (at Assets/Scripts/Core/ExperimentController.cs:221).  ExperimentController:TrialEnd () (at Assets/Scripts/Core/ExperimentController.cs:301).  UnityEngine.Events.UnityEvent`1<UXF.Trial>:Invoke (UXF.Trial).  UXF.Trial:End () (at Assets/UXF/Scripts/Etc/Trial.cs:146).  UXF.Session:EndCurrentTrial () (at Assets/UXF/Scripts/Session.cs:421).  ExperimentController:Update () (at Assets/Scripts/Core/ExperimentController.cs:72).  
8.46577,Warning,Setting angular velocity of a kinematic body is not supported.,UnityEngine.Rigidbody:set_angularVelocity (UnityEngine.Vector3).  ProjectileTask:TaskBegin () (at Assets/Scripts/Tasks/ProjectileTask.cs:370).  ExperimentController:TrialBegin () (at Assets/Scripts/Core/ExperimentController.cs:258).  UnityEngine.Events.UnityEvent`1<UXF.Trial>:Invoke (UXF.Trial).  UXF.Trial:Begin () (at Assets/UXF/Scripts/Etc/Trial.cs:129).  UXF.Session:BeginNextTrial () (at Assets/UXF/Scripts/Session.cs:429).  UXF.Session:BeginNextTrialSafe () (at Assets/UXF/Scripts/Session.cs:439).  ExperimentController:BeginNextTrial () (at Assets/Scripts/Core/ExperimentController.cs:221).  ExperimentController:TrialEnd () (at Assets/Scripts/Core/ExperimentController.cs:301).  UnityEngine.Events.UnityEvent`1<UXF.Trial>:Invoke (UXF.Trial).  UXF.Trial:End () (at Assets/UXF/Scripts/Etc/Trial.cs:146).  UXF.Session:EndCurrentTrial () (at Assets/UXF/Scripts/Session.cs:421).  ExperimentController:Update () (at Assets/Scripts/Core/ExperimentController.cs:72).  
10.22322,Log,Button held,UnityEngine.Debug:Log (object).  ProjectileTask:Update () (at Assets/Scripts/Tasks/ProjectileTask.cs:170).  
10.28,Log,Launch time 0.056777,UnityEngine.Debug:Log (object).  ProjectileTask:FixedUpdate () (at Assets/Scripts/Tasks/ProjectileTask.cs:124).  
10.28,Log,Launch vector (-0.16 0.21 0.96),UnityEngine.Debug:Log (object).  ProjectileTask:FixedUpdate () (at Assets/Scripts/Tasks/ProjectileTask.cs:125).  
10.28,Log,fire force: 4.5,UnityEngine.Debug:Log (object).  ProjectileTask:FixedUpdate () (at Assets/Scripts/Tasks/ProjectileTask.cs:135).  
10.28,Log,target angle: -35,UnityEngine.Debug:Log (object).  ProjectileTask:FixedUpdate () (at Assets/Scripts/Tasks/ProjectileTask.cs:136).  
10.28,Log,Launch force (-0.25 0.00 1.53),UnityEngine.Debug:Log (object).  ProjectileTask:FixedUpdate () (at Assets/Scripts/Tasks/ProjectileTask.cs:152).  
10.28,Log,Launch mag 1.55056,UnityEngine.Debug:Log (object).  ProjectileTask:FixedUpdate () (at Assets/Scripts/Tasks/ProjectileTask.cs:153).  
11.12,Warning,Setting linear velocity of a kinematic body is not supported.,UnityEngine.Rigidbody:set_velocity (UnityEngine.Vector3).  BallDetector:OnTriggerEnter (UnityEngine.Collider) (at Assets/Scripts/Tasks/BallDetector.cs:14).  
11.13,Warning,Setting linear velocity of a kinematic body is not supported.,UnityEngine.Rigidbody:set_velocity (UnityEngine.Vector3).  BallDetector:OnTriggerEnter (UnityEngine.Collider) (at Assets/Scripts/Tasks/BallDetector.cs:14).  
11.14281,Log,Ball came to a stop,UnityEngine.Debug:Log (object).  ProjectileTask/<DisplayMessage>d__29:MoveNext () (at Assets/Scripts/Tasks/ProjectileTask.cs:308).  UnityEngine.MonoBehaviour:StartCoroutine (System.Collections.IEnumerator).  ProjectileTask:Update () (at Assets/Scripts/Tasks/ProjectileTask.cs:281).  
12.67338,Warning,Setting linear velocity of a kinematic body is not supported.,UnityEngine.Rigidbody:set_velocity (UnityEngine.Vector3).  ProjectileTask:TaskBegin () (at Assets/Scripts/Tasks/ProjectileTask.cs:369).  ExperimentController:TrialBegin () (at Assets/Scripts/Core/ExperimentController.cs:258).  UnityEngine.Events.UnityEvent`1<UXF.Trial>:Invoke (UXF.Trial).  UXF.Trial:Begin () (at Assets/UXF/Scripts/Etc/Trial.cs:129).  UXF.Session:BeginNextTrial () (at Assets/UXF/Scripts/Session.cs:429).  UXF.Session:BeginNextTrialSafe () (at Assets/UXF/Scripts/Session.cs:439).  ExperimentController:BeginNextTrial () (at Assets/Scripts/Core/ExperimentController.cs:221).  ExperimentController:TrialEnd () (at Assets/Scripts/Core/ExperimentController.cs:301).  UnityEngine.Events.UnityEvent`1<UXF.Trial>:Invoke (UXF.Trial).  UXF.Trial:End () (at Assets/UXF/Scripts/Etc/Trial.cs:146).  UXF.Session:EndCurrentTrial () (at Assets/UXF/Scripts/Session.cs:421).  ExperimentController:Update () (at Assets/Scripts/Core/ExperimentController.cs:72).  
12.67338,Warning,Setting angular velocity of a kinematic body is not supported.,UnityEngine.Rigidbody:set_angularVelocity (UnityEngine.Vector3).  ProjectileTask:TaskBegin () (at Assets/Scripts/Tasks/ProjectileTask.cs:370).  ExperimentController:TrialBegin () (at Assets/Scripts/Core/ExperimentController.cs:258).  UnityEngine.Events.UnityEvent`1<UXF.Trial>:Invoke (UXF.Trial).  UXF.Trial:Begin () (at Assets/UXF/Scripts/Etc/Trial.cs:129).  UXF.Session:BeginNextTrial () (at Assets/UXF/Scripts/Session.cs:429).  UXF.Session:BeginNextTrialSafe () (at Assets/UXF/Scripts/Session.cs:439).  ExperimentController:BeginNextTrial () (at Assets/Scripts/Core/ExperimentController.cs:221).  ExperimentController:TrialEnd () (at Assets/Scripts/Core/ExperimentController.cs:301).  UnityEngine.Events.UnityEvent`1<UXF.Trial>:Invoke (UXF.Trial).  UXF.Trial:End () (at Assets/UXF/Scripts/Etc/Trial.cs:146).  UXF.Session:EndCurrentTrial () (at Assets/UXF/Scripts/Session.cs:421).  ExperimentController:Update () (at Assets/Scripts/Core/ExperimentController.cs:72).  
13.28634,Log,Button held,UnityEngine.Debug:Log (object).  ProjectileTask:Update () (at Assets/Scripts/Tasks/ProjectileTask.cs:170).  
13.38,Log,Launch time 0.09365845,UnityEngine.Debug:Log (object).  ProjectileTask:FixedUpdate () (at Assets/Scripts/Tasks/ProjectileTask.cs:124).  
13.38,Log,Launch vector (0.01 0.09 1.00),UnityEngine.Debug:Log (object).  ProjectileTask:FixedUpdate () (at Assets/Scripts/Tasks/ProjectileTask.cs:125).  
13.38,Log,fire force: 4,UnityEngine.Debug:Log (object).  ProjectileTask:FixedUpdate () (at Assets/Scripts/Tasks/ProjectileTask.cs:135).  
13.38,Log,target angle: -40,UnityEngine.Debug:Log (object).  ProjectileTask:FixedUpdate () (at Assets/Scripts/Tasks/ProjectileTask.cs:136).  
13.38,Log,Launch force (0.01 0.00 0.85),UnityEngine.Debug:Log (object).  ProjectileTask:FixedUpdate () (at Assets/Scripts/Tasks/ProjectileTask.cs:152).  
13.38,Log,Launch mag 0.8508759,UnityEngine.Debug:Log (object).  ProjectileTask:FixedUpdate () (at Assets/Scripts/Tasks/ProjectileTask.cs:153).  
14.42,Warning,Setting linear velocity of a kinematic body is not supported.,UnityEngine.Rigidbody:set_velocity (UnityEngine.Vector3).  BallDetector:OnTriggerEnter (UnityEngine.Collider) (at Assets/Scripts/Tasks/BallDetector.cs:14).  
14.42321,Log,Ball came to a stop,UnityEngine.Debug:Log (object).  ProjectileTask/<DisplayMessage>d__29:MoveNext () (at Assets/Scripts/Tasks/ProjectileTask.cs:308).  UnityEngine.MonoBehaviour:StartCoroutine (System.Collections.IEnumerator).  ProjectileTask:Update () (at Assets/Scripts/Tasks/ProjectileTask.cs:281).  
14.43,Warning,Setting linear velocity of a kinematic body is not supported.,UnityEngine.Rigidbody:set_velocity (UnityEngine.Vector3).  BallDetector:OnTriggerEnter (UnityEngine.Collider) (at Assets/Scripts/Tasks/BallDetector.cs:14).  
15.95288,Warning,Setting linear velocity of a kinematic body is not supported.,UnityEngine.Rigidbody:set_velocity (UnityEngine.Vector3).  ProjectileTask:TaskBegin () (at Assets/Scripts/Tasks/ProjectileTask.cs:369).  ExperimentController:TrialBegin () (at Assets/Scripts/Core/ExperimentController.cs:258).  UnityEngine.Events.UnityEvent`1<UXF.Trial>:Invoke (UXF.Trial).  UXF.Trial:Begin () (at Assets/UXF/Scripts/Etc/Trial.cs:129).  UXF.Session:BeginNextTrial () (at Assets/UXF/Scripts/Session.cs:429).  UXF.Session:BeginNextTrialSafe () (at Assets/UXF/Scripts/Session.cs:439).  ExperimentController:BeginNextTrial () (at Assets/Scripts/Core/ExperimentController.cs:221).  ExperimentController:TrialEnd () (at Assets/Scripts/Core/ExperimentController.cs:301).  UnityEngine.Events.UnityEvent`1<UXF.Trial>:Invoke (UXF.Trial).  UXF.Trial:End () (at Assets/UXF/Scripts/Etc/Trial.cs:146).  UXF.Session:EndCurrentTrial () (at Assets/UXF/Scripts/Session.cs:421).  ExperimentController:Update () (at Assets/Scripts/Core/ExperimentController.cs:72).  
15.95288,Warning,Setting angular velocity of a kinematic body is not supported.,UnityEngine.Rigidbody:set_angularVelocity (UnityEngine.Vector3).  ProjectileTask:TaskBegin () (at Assets/Scripts/Tasks/ProjectileTask.cs:370).  ExperimentController:TrialBegin () (at Assets/Scripts/Core/ExperimentController.cs:258).  UnityEngine.Events.UnityEvent`1<UXF.Trial>:Invoke (UXF.Trial).  UXF.Trial:Begin () (at Assets/UXF/Scripts/Etc/Trial.cs:129).  UXF.Session:BeginNextTrial () (at Assets/UXF/Scripts/Session.cs:429).  UXF.Session:BeginNextTrialSafe () (at Assets/UXF/Scripts/Session.cs:439).  ExperimentController:BeginNextTrial () (at Assets/Scripts/Core/ExperimentController.cs:221).  ExperimentController:TrialEnd () (at Assets/Scripts/Core/ExperimentController.cs:301).  UnityEngine.Events.UnityEvent`1<UXF.Trial>:Invoke (UXF.Trial).  UXF.Trial:End () (at Assets/UXF/Scripts/Etc/Trial.cs:146).  UXF.Session:EndCurrentTrial () (at Assets/UXF/Scripts/Session.cs:421).  ExperimentController:Update () (at Assets/Scripts/Core/ExperimentController.cs:72).  
18.4662,Log,Button held,UnityEngine.Debug:Log (object).  ProjectileTask:Update () (at Assets/Scripts/Tasks/ProjectileTask.cs:170).  
18.55,Log,Launch time 0.08379936,UnityEngine.Debug:Log (object).  ProjectileTask:FixedUpdate () (at Assets/Scripts/Tasks/ProjectileTask.cs:124).  
18.55,Log,Launch vector (0.50 0.18 0.85),UnityEngine.Debug:Log (object).  ProjectileTask:FixedUpdate () (at Assets/Scripts/Tasks/ProjectileTask.cs:125).  
18.55,Log,fire force: 5,UnityEngine.Debug:Log (object).  ProjectileTask:FixedUpdate () (at Assets/Scripts/Tasks/ProjectileTask.cs:135).  
18.55,Log,target angle: -30,UnityEngine.Debug:Log (object).  ProjectileTask:FixedUpdate () (at Assets/Scripts/Tasks/ProjectileTask.cs:136).  
18.55,Log,Launch force (0.60 0.00 1.01),UnityEngine.Debug:Log (object).  ProjectileTask:FixedUpdate () (at Assets/Scripts/Tasks/ProjectileTask.cs:152).  
18.55,Log,Launch mag 1.174618,UnityEngine.Debug:Log (object).  ProjectileTask:FixedUpdate () (at Assets/Scripts/Tasks/ProjectileTask.cs:153).  
19.72,Warning,Setting linear velocity of a kinematic body is not supported.,UnityEngine.Rigidbody:set_velocity (UnityEngine.Vector3).  BallDetector:OnTriggerEnter (UnityEngine.Collider) (at Assets/Scripts/Tasks/BallDetector.cs:14).  
19.73,Warning,Setting linear velocity of a kinematic body is not supported.,UnityEngine.Rigidbody:set_velocity (UnityEngine.Vector3).  BallDetector:OnTriggerEnter (UnityEngine.Collider) (at Assets/Scripts/Tasks/BallDetector.cs:14).  
19.74516,Log,Ball came to a stop,UnityEngine.Debug:Log (object).  ProjectileTask/<DisplayMessage>d__29:MoveNext () (at Assets/Scripts/Tasks/ProjectileTask.cs:308).  UnityEngine.MonoBehaviour:StartCoroutine (System.Collections.IEnumerator).  ProjectileTask:Update () (at Assets/Scripts/Tasks/ProjectileTask.cs:281).  
21.27326,Warning,Setting linear velocity of a kinematic body is not supported.,UnityEngine.Rigidbody:set_velocity (UnityEngine.Vector3).  ProjectileTask:TaskBegin () (at Assets/Scripts/Tasks/ProjectileTask.cs:369).  ExperimentController:TrialBegin () (at Assets/Scripts/Core/ExperimentController.cs:258).  UnityEngine.Events.UnityEvent`1<UXF.Trial>:Invoke (UXF.Trial).  UXF.Trial:Begin () (at Assets/UXF/Scripts/Etc/Trial.cs:129).  UXF.Session:BeginNextTrial () (at Assets/UXF/Scripts/Session.cs:429).  UXF.Session:BeginNextTrialSafe () (at Assets/UXF/Scripts/Session.cs:439).  ExperimentController:BeginNextTrial () (at Assets/Scripts/Core/ExperimentController.cs:221).  ExperimentController:TrialEnd () (at Assets/Scripts/Core/ExperimentController.cs:301).  UnityEngine.Events.UnityEvent`1<UXF.Trial>:Invoke (UXF.Trial).  UXF.Trial:End () (at Assets/UXF/Scripts/Etc/Trial.cs:146).  UXF.Session:EndCurrentTrial () (at Assets/UXF/Scripts/Session.cs:421).  ExperimentController:Update () (at Assets/Scripts/Core/ExperimentController.cs:72).  
21.27326,Warning,Setting angular velocity of a kinematic body is not supported.,UnityEngine.Rigidbody:set_angularVelocity (UnityEngine.Vector3).  ProjectileTask:TaskBegin () (at Assets/Scripts/Tasks/ProjectileTask.cs:370).  ExperimentController:TrialBegin () (at Assets/Scripts/Core/ExperimentController.cs:258).  UnityEngine.Events.UnityEvent`1<UXF.Trial>:Invoke (UXF.Trial).  UXF.Trial:Begin () (at Assets/UXF/Scripts/Etc/Trial.cs:129).  UXF.Session:BeginNextTrial () (at Assets/UXF/Scripts/Session.cs:429).  UXF.Session:BeginNextTrialSafe () (at Assets/UXF/Scripts/Session.cs:439).  ExperimentController:BeginNextTrial () (at Assets/Scripts/Core/ExperimentController.cs:221).  ExperimentController:TrialEnd () (at Assets/Scripts/Core/ExperimentController.cs:301).  UnityEngine.Events.UnityEvent`1<UXF.Trial>:Invoke (UXF.Trial).  UXF.Trial:End () (at Assets/UXF/Scripts/Etc/Trial.cs:146).  UXF.Session:EndCurrentTrial () (at Assets/UXF/Scripts/Session.cs:421).  ExperimentController:Update () (at Assets/Scripts/Core/ExperimentController.cs:72).  
21.88595,Log,Button held,UnityEngine.Debug:Log (object).  ProjectileTask:Update () (at Assets/Scripts/Tasks/ProjectileTask.cs:170).  
21.98,Log,Launch time 0.09404564,UnityEngine.Debug:Log (object).  ProjectileTask:FixedUpdate () (at Assets/Scripts/Tasks/ProjectileTask.cs:124).  
21.98,Log,Launch vector (0.25 0.08 0.97),UnityEngine.Debug:Log (object).  ProjectileTask:FixedUpdate () (at Assets/Scripts/Tasks/ProjectileTask.cs:125).  
21.98,Log,fire force: 4.5,UnityEngine.Debug:Log (object).  ProjectileTask:FixedUpdate () (at Assets/Scripts/Tasks/ProjectileTask.cs:135).  
21.98,Log,target angle: -35,UnityEngine.Debug:Log (object).  ProjectileTask:FixedUpdate () (at Assets/Scripts/Tasks/ProjectileTask.cs:136).  
21.98,Log,Launch force (0.24 0.00 0.92),UnityEngine.Debug:Log (object).  ProjectileTask:FixedUpdate () (at Assets/Scripts/Tasks/ProjectileTask.cs:152).  
21.98,Log,Launch mag 0.9540095,UnityEngine.Debug:Log (object).  ProjectileTask:FixedUpdate () (at Assets/Scripts/Tasks/ProjectileTask.cs:153).  
23.07,Warning,Setting linear velocity of a kinematic body is not supported.,UnityEngine.Rigidbody:set_velocity (UnityEngine.Vector3).  BallDetector:OnTriggerEnter (UnityEngine.Collider) (at Assets/Scripts/Tasks/BallDetector.cs:14).  
23.08,Warning,Setting linear velocity of a kinematic body is not supported.,UnityEngine.Rigidbody:set_velocity (UnityEngine.Vector3).  BallDetector:OnTriggerEnter (UnityEngine.Collider) (at Assets/Scripts/Tasks/BallDetector.cs:14).  
23.08209,Log,Ball came to a stop,UnityEngine.Debug:Log (object).  ProjectileTask/<DisplayMessage>d__29:MoveNext () (at Assets/Scripts/Tasks/ProjectileTask.cs:308).  UnityEngine.MonoBehaviour:StartCoroutine (System.Collections.IEnumerator).  ProjectileTask:Update () (at Assets/Scripts/Tasks/ProjectileTask.cs:281).  
24.63848,Warning,Setting linear velocity of a kinematic body is not supported.,UnityEngine.Rigidbody:set_velocity (UnityEngine.Vector3).  ProjectileTask:TaskBegin () (at Assets/Scripts/Tasks/ProjectileTask.cs:369).  ExperimentController:TrialBegin () (at Assets/Scripts/Core/ExperimentController.cs:258).  UnityEngine.Events.UnityEvent`1<UXF.Trial>:Invoke (UXF.Trial).  UXF.Trial:Begin () (at Assets/UXF/Scripts/Etc/Trial.cs:129).  UXF.Session:BeginNextTrial () (at Assets/UXF/Scripts/Session.cs:429).  UXF.Session:BeginNextTrialSafe () (at Assets/UXF/Scripts/Session.cs:439).  ExperimentController:BeginNextTrial () (at Assets/Scripts/Core/ExperimentController.cs:221).  ExperimentController:TrialEnd () (at Assets/Scripts/Core/ExperimentController.cs:301).  UnityEngine.Events.UnityEvent`1<UXF.Trial>:Invoke (UXF.Trial).  UXF.Trial:End () (at Assets/UXF/Scripts/Etc/Trial.cs:146).  UXF.Session:EndCurrentTrial () (at Assets/UXF/Scripts/Session.cs:421).  ExperimentController:Update () (at Assets/Scripts/Core/ExperimentController.cs:72).  
24.63848,Warning,Setting angular velocity of a kinematic body is not supported.,UnityEngine.Rigidbody:set_angularVelocity (UnityEngine.Vector3).  ProjectileTask:TaskBegin () (at Assets/Scripts/Tasks/ProjectileTask.cs:370).  ExperimentController:TrialBegin () (at Assets/Scripts/Core/ExperimentController.cs:258).  UnityEngine.Events.UnityEvent`1<UXF.Trial>:Invoke (UXF.Trial).  UXF.Trial:Begin () (at Assets/UXF/Scripts/Etc/Trial.cs:129).  UXF.Session:BeginNextTrial () (at Assets/UXF/Scripts/Session.cs:429).  UXF.Session:BeginNextTrialSafe () (at Assets/UXF/Scripts/Session.cs:439).  ExperimentController:BeginNextTrial () (at Assets/Scripts/Core/ExperimentController.cs:221).  ExperimentController:TrialEnd () (at Assets/Scripts/Core/ExperimentController.cs:301).  UnityEngine.Events.UnityEvent`1<UXF.Trial>:Invoke (UXF.Trial).  UXF.Trial:End () (at Assets/UXF/Scripts/Etc/Trial.cs:146).  UXF.Session:EndCurrentTrial () (at Assets/UXF/Scripts/Session.cs:421).  ExperimentController:Update () (at Assets/Scripts/Core/ExperimentController.cs:72).  
25.16953,Log,Button held,UnityEngine.Debug:Log (object).  ProjectileTask:Update () (at Assets/Scripts/Tasks/ProjectileTask.cs:170).  
25.23,Log,Launch time 0.06046867,UnityEngine.Debug:Log (object).  ProjectileTask:FixedUpdate () (at Assets/Scripts/Tasks/ProjectileTask.cs:124).  
25.23,Log,Launch vector (0.49 0.17 0.86),UnityEngine.Debug:Log (object).  ProjectileTask:FixedUpdate () (at Assets/Scripts/Tasks/ProjectileTask.cs:125).  
25.23,Log,fire force: 4,UnityEngine.Debug:Log (object).  ProjectileTask:FixedUpdate () (at Assets/Scripts/Tasks/ProjectileTask.cs:135).  
25.23,Log,target angle: -40,UnityEngine.Debug:Log (object).  ProjectileTask:FixedUpdate () (at Assets/Scripts/Tasks/ProjectileTask.cs:136).  
25.23,Log,Launch force (0.64 0.00 1.13),UnityEngine.Debug:Log (object).  ProjectileTask:FixedUpdate () (at Assets/Scripts/Tasks/ProjectileTask.cs:152).  
25.23,Log,Launch mag 1.303313,UnityEngine.Debug:Log (object).  ProjectileTask:FixedUpdate () (at Assets/Scripts/Tasks/ProjectileTask.cs:153).  
26.38,Warning,Setting linear velocity of a kinematic body is not supported.,UnityEngine.Rigidbody:set_velocity (UnityEngine.Vector3).  BallDetector:OnTriggerEnter (UnityEngine.Collider) (at Assets/Scripts/Tasks/BallDetector.cs:14).  
26.39,Warning,Setting linear velocity of a kinematic body is not supported.,UnityEngine.Rigidbody:set_velocity (UnityEngine.Vector3).  BallDetector:OnTriggerEnter (UnityEngine.Collider) (at Assets/Scripts/Tasks/BallDetector.cs:14).  
26.39638,Log,Ball came to a stop,UnityEngine.Debug:Log (object).  ProjectileTask/<DisplayMessage>d__29:MoveNext () (at Assets/Scripts/Tasks/ProjectileTask.cs:308).  UnityEngine.MonoBehaviour:StartCoroutine (System.Collections.IEnumerator).  ProjectileTask:Update () (at Assets/Scripts/Tasks/ProjectileTask.cs:281).  
27.92728,Log,Input device set as vr_controller,UnityEngine.Debug:Log (object).  ExperimentController:TrialBegin () (at Assets/Scripts/Core/ExperimentController.cs:247).  UnityEngine.Events.UnityEvent`1<UXF.Trial>:Invoke (UXF.Trial).  UXF.Trial:Begin () (at Assets/UXF/Scripts/Etc/Trial.cs:129).  UXF.Session:BeginNextTrial () (at Assets/UXF/Scripts/Session.cs:429).  UXF.Session:BeginNextTrialSafe () (at Assets/UXF/Scripts/Session.cs:439).  ExperimentController:BeginNextTrial () (at Assets/Scripts/Core/ExperimentController.cs:221).  ExperimentController:TrialEnd () (at Assets/Scripts/Core/ExperimentController.cs:301).  UnityEngine.Events.UnityEvent`1<UXF.Trial>:Invoke (UXF.Trial).  UXF.Trial:End () (at Assets/UXF/Scripts/Etc/Trial.cs:146).  UXF.Session:EndCurrentTrial () (at Assets/UXF/Scripts/Session.cs:421).  ExperimentController:Update () (at Assets/Scripts/Core/ExperimentController.cs:72).  
27.92728,Log,Setting VR position,UnityEngine.Debug:Log (object).  BaseTask:SetUp () (at Assets/Scripts/Core/BaseTask.cs:180).  ProjectileTask:SetUp () (at Assets/Scripts/Tasks/ProjectileTask.cs:324).  ExperimentController:TrialBegin () (at Assets/Scripts/Core/ExperimentController.cs:255).  UnityEngine.Events.UnityEvent`1<UXF.Trial>:Invoke (UXF.Trial).  UXF.Trial:Begin () (at Assets/UXF/Scripts/Etc/Trial.cs:129).  UXF.Session:BeginNextTrial () (at Assets/UXF/Scripts/Session.cs:429).  UXF.Session:BeginNextTrialSafe () (at Assets/UXF/Scripts/Session.cs:439).  ExperimentController:BeginNextTrial () (at Assets/Scripts/Core/ExperimentController.cs:221).  ExperimentController:TrialEnd () (at Assets/Scripts/Core/ExperimentController.cs:301).  UnityEngine.Events.UnityEvent`1<UXF.Trial>:Invoke (UXF.Trial).  UXF.Trial:End () (at Assets/UXF/Scripts/Etc/Trial.cs:146).  UXF.Session:EndCurrentTrial () (at Assets/UXF/Scripts/Session.cs:421).  ExperimentController:Update () (at Assets/Scripts/Core/ExperimentController.cs:72).  
28.42985,Log,Button held,UnityEngine.Debug:Log (object).  ProjectileTask:Update () (at Assets/Scripts/Tasks/ProjectileTask.cs:170).  
28.49,Log,Launch time 0.06015205,UnityEngine.Debug:Log (object).  ProjectileTask:FixedUpdate () (at Assets/Scripts/Tasks/ProjectileTask.cs:124).  
28.49,Log,Launch vector (0.57 0.03 0.82),UnityEngine.Debug:Log (object).  ProjectileTask:FixedUpdate () (at Assets/Scripts/Tasks/ProjectileTask.cs:125).  
28.49,Log,fire force: 4,UnityEngine.Debug:Log (object).  ProjectileTask:FixedUpdate () (at Assets/Scripts/Tasks/ProjectileTask.cs:135).  
28.49,Log,target angle: -40,UnityEngine.Debug:Log (object).  ProjectileTask:FixedUpdate () (at Assets/Scripts/Tasks/ProjectileTask.cs:136).  
28.49,Log,Launch force (0.76 0.00 1.09),UnityEngine.Debug:Log (object).  ProjectileTask:FixedUpdate () (at Assets/Scripts/Tasks/ProjectileTask.cs:152).  
28.49,Log,Launch mag 1.329331,UnityEngine.Debug:Log (object).  ProjectileTask:FixedUpdate () (at Assets/Scripts/Tasks/ProjectileTask.cs:153).  
29.68,Warning,Setting linear velocity of a kinematic body is not supported.,UnityEngine.Rigidbody:set_velocity (UnityEngine.Vector3).  BallDetector:OnTriggerEnter (UnityEngine.Collider) (at Assets/Scripts/Tasks/BallDetector.cs:14).  
29.6832,Log,Ball came to a stop,UnityEngine.Debug:Log (object).  ProjectileTask/<DisplayMessage>d__29:MoveNext () (at Assets/Scripts/Tasks/ProjectileTask.cs:308).  UnityEngine.MonoBehaviour:StartCoroutine (System.Collections.IEnumerator).  ProjectileTask:Update () (at Assets/Scripts/Tasks/ProjectileTask.cs:281).  
29.69,Warning,Setting linear velocity of a kinematic body is not supported.,UnityEngine.Rigidbody:set_velocity (UnityEngine.Vector3).  BallDetector:OnTriggerEnter (UnityEngine.Collider) (at Assets/Scripts/Tasks/BallDetector.cs:14).  
31.23734,Warning,Setting linear velocity of a kinematic body is not supported.,UnityEngine.Rigidbody:set_velocity (UnityEngine.Vector3).  ProjectileTask:TaskBegin () (at Assets/Scripts/Tasks/ProjectileTask.cs:369).  ExperimentController:TrialBegin () (at Assets/Scripts/Core/ExperimentController.cs:258).  UnityEngine.Events.UnityEvent`1<UXF.Trial>:Invoke (UXF.Trial).  UXF.Trial:Begin () (at Assets/UXF/Scripts/Etc/Trial.cs:129).  UXF.Session:BeginNextTrial () (at Assets/UXF/Scripts/Session.cs:429).  UXF.Session:BeginNextTrialSafe () (at Assets/UXF/Scripts/Session.cs:439).  ExperimentController:BeginNextTrial () (at Assets/Scripts/Core/ExperimentController.cs:221).  ExperimentController:TrialEnd () (at Assets/Scripts/Core/ExperimentController.cs:301).  UnityEngine.Events.UnityEvent`1<UXF.Trial>:Invoke (UXF.Trial).  UXF.Trial:End () (at Assets/UXF/Scripts/Etc/Trial.cs:146).  UXF.Session:EndCurrentTrial () (at Assets/UXF/Scripts/Session.cs:421).  ExperimentController:Update () (at Assets/Scripts/Core/ExperimentController.cs:72).  
31.23734,Warning,Setting angular velocity of a kinematic body is not supported.,UnityEngine.Rigidbody:set_angularVelocity (UnityEngine.Vector3).  ProjectileTask:TaskBegin () (at Assets/Scripts/Tasks/ProjectileTask.cs:370).  ExperimentController:TrialBegin () (at Assets/Scripts/Core/ExperimentController.cs:258).  UnityEngine.Events.UnityEvent`1<UXF.Trial>:Invoke (UXF.Trial).  UXF.Trial:Begin () (at Assets/UXF/Scripts/Etc/Trial.cs:129).  UXF.Session:BeginNextTrial () (at Assets/UXF/Scripts/Session.cs:429).  UXF.Session:BeginNextTrialSafe () (at Assets/UXF/Scripts/Session.cs:439).  ExperimentController:BeginNextTrial () (at Assets/Scripts/Core/ExperimentController.cs:221).  ExperimentController:TrialEnd () (at Assets/Scripts/Core/ExperimentController.cs:301).  UnityEngine.Events.UnityEvent`1<UXF.Trial>:Invoke (UXF.Trial).  UXF.Trial:End () (at Assets/UXF/Scripts/Etc/Trial.cs:146).  UXF.Session:EndCurrentTrial () (at Assets/UXF/Scripts/Session.cs:421).  ExperimentController:Update () (at Assets/Scripts/Core/ExperimentController.cs:72).  
31.77087,Log,Button held,UnityEngine.Debug:Log (object).  ProjectileTask:Update () (at Assets/Scripts/Tasks/ProjectileTask.cs:170).  
31.83,Log,Launch time 0.05913162,UnityEngine.Debug:Log (object).  ProjectileTask:FixedUpdate () (at Assets/Scripts/Tasks/ProjectileTask.cs:124).  
31.83,Log,Launch vector (0.64 -0.01 0.77),UnityEngine.Debug:Log (object).  ProjectileTask:FixedUpdate () (at Assets/Scripts/Tasks/ProjectileTask.cs:125).  
31.83,Log,fire force: 5,UnityEngine.Debug:Log (object).  ProjectileTask:FixedUpdate () (at Assets/Scripts/Tasks/ProjectileTask.cs:135).  
31.83,Log,target angle: -30,UnityEngine.Debug:Log (object).  ProjectileTask:FixedUpdate () (at Assets/Scripts/Tasks/ProjectileTask.cs:136).  
31.83,Log,Launch force (1.08 0.00 1.30),UnityEngine.Debug:Log (object).  ProjectileTask:FixedUpdate () (at Assets/Scripts/Tasks/ProjectileTask.cs:152).  
31.83,Log,Launch mag 1.691063,UnityEngine.Debug:Log (object).  ProjectileTask:FixedUpdate () (at Assets/Scripts/Tasks/ProjectileTask.cs:153).  
32.83,Warning,Setting linear velocity of a kinematic body is not supported.,UnityEngine.Rigidbody:set_velocity (UnityEngine.Vector3).  BallDetector:OnTriggerEnter (UnityEngine.Collider) (at Assets/Scripts/Tasks/BallDetector.cs:14).  
32.83048,Log,Ball came to a stop,UnityEngine.Debug:Log (object).  ProjectileTask/<DisplayMessage>d__29:MoveNext () (at Assets/Scripts/Tasks/ProjectileTask.cs:308).  UnityEngine.MonoBehaviour:StartCoroutine (System.Collections.IEnumerator).  ProjectileTask:Update () (at Assets/Scripts/Tasks/ProjectileTask.cs:281).  
32.84,Warning,Setting linear velocity of a kinematic body is not supported.,UnityEngine.Rigidbody:set_velocity (UnityEngine.Vector3).  BallDetector:OnTriggerEnter (UnityEngine.Collider) (at Assets/Scripts/Tasks/BallDetector.cs:14).  
34.36475,Warning,Setting linear velocity of a kinematic body is not supported.,UnityEngine.Rigidbody:set_velocity (UnityEngine.Vector3).  ProjectileTask:TaskBegin () (at Assets/Scripts/Tasks/ProjectileTask.cs:369).  ExperimentController:TrialBegin () (at Assets/Scripts/Core/ExperimentController.cs:258).  UnityEngine.Events.UnityEvent`1<UXF.Trial>:Invoke (UXF.Trial).  UXF.Trial:Begin () (at Assets/UXF/Scripts/Etc/Trial.cs:129).  UXF.Session:BeginNextTrial () (at Assets/UXF/Scripts/Session.cs:429).  UXF.Session:BeginNextTrialSafe () (at Assets/UXF/Scripts/Session.cs:439).  ExperimentController:BeginNextTrial () (at Assets/Scripts/Core/ExperimentController.cs:221).  ExperimentController:TrialEnd () (at Assets/Scripts/Core/ExperimentController.cs:301).  UnityEngine.Events.UnityEvent`1<UXF.Trial>:Invoke (UXF.Trial).  UXF.Trial:End () (at Assets/UXF/Scripts/Etc/Trial.cs:146).  UXF.Session:EndCurrentTrial () (at Assets/UXF/Scripts/Session.cs:421).  ExperimentController:Update () (at Assets/Scripts/Core/ExperimentController.cs:72).  
34.36475,Warning,Setting angular velocity of a kinematic body is not supported.,UnityEngine.Rigidbody:set_angularVelocity (UnityEngine.Vector3).  ProjectileTask:TaskBegin () (at Assets/Scripts/Tasks/ProjectileTask.cs:370).  ExperimentController:TrialBegin () (at Assets/Scripts/Core/ExperimentController.cs:258).  UnityEngine.Events.UnityEvent`1<UXF.Trial>:Invoke (UXF.Trial).  UXF.Trial:Begin () (at Assets/UXF/Scripts/Etc/Trial.cs:129).  UXF.Session:BeginNextTrial () (at Assets/UXF/Scripts/Session.cs:429).  UXF.Session:BeginNextTrialSafe () (at Assets/UXF/Scripts/Session.cs:439).  ExperimentController:BeginNextTrial () (at Assets/Scripts/Core/ExperimentController.cs:221).  ExperimentController:TrialEnd () (at Assets/Scripts/Core/ExperimentController.cs:301).  UnityEngine.Events.UnityEvent`1<UXF.Trial>:Invoke (UXF.Trial).  UXF.Trial:End () (at Assets/UXF/Scripts/Etc/Trial.cs:146).  UXF.Session:EndCurrentTrial () (at Assets/UXF/Scripts/Session.cs:421).  ExperimentController:Update () (at Assets/Scripts/Core/ExperimentController.cs:72).  
34.89436,Log,Button held,UnityEngine.Debug:Log (object).  ProjectileTask:Update () (at Assets/Scripts/Tasks/ProjectileTask.cs:170).  
34.96,Log,Launch time 0.0656395,UnityEngine.Debug:Log (object).  ProjectileTask:FixedUpdate () (at Assets/Scripts/Tasks/ProjectileTask.cs:124).  
34.96,Log,Launch vector (0.64 0.15 0.76),UnityEngine.Debug:Log (object).  ProjectileTask:FixedUpdate () (at Assets/Scripts/Tasks/ProjectileTask.cs:125).  
34.96,Log,fire force: 4.5,UnityEngine.Debug:Log (object).  ProjectileTask:FixedUpdate () (at Assets/Scripts/Tasks/ProjectileTask.cs:135).  
34.96,Log,target angle: -35,UnityEngine.Debug:Log (object).  ProjectileTask:FixedUpdate () (at Assets/Scripts/Tasks/ProjectileTask.cs:136).  
34.96,Log,Launch force (0.87 0.00 1.04),UnityEngine.Debug:Log (object).  ProjectileTask:FixedUpdate () (at Assets/Scripts/Tasks/ProjectileTask.cs:152).  
34.96,Log,Launch mag 1.354876,UnityEngine.Debug:Log (object).  ProjectileTask:FixedUpdate () (at Assets/Scripts/Tasks/ProjectileTask.cs:153).  
36.2,Warning,Setting linear velocity of a kinematic body is not supported.,UnityEngine.Rigidbody:set_velocity (UnityEngine.Vector3).  BallDetector:OnTriggerEnter (UnityEngine.Collider) (at Assets/Scripts/Tasks/BallDetector.cs:14).  
36.21,Warning,Setting linear velocity of a kinematic body is not supported.,UnityEngine.Rigidbody:set_velocity (UnityEngine.Vector3).  BallDetector:OnTriggerEnter (UnityEngine.Collider) (at Assets/Scripts/Tasks/BallDetector.cs:14).  
36.22681,Log,Ball came to a stop,UnityEngine.Debug:Log (object).  ProjectileTask/<DisplayMessage>d__29:MoveNext () (at Assets/Scripts/Tasks/ProjectileTask.cs:308).  UnityEngine.MonoBehaviour:StartCoroutine (System.Collections.IEnumerator).  ProjectileTask:Update () (at Assets/Scripts/Tasks/ProjectileTask.cs:281).  
37.78159,Warning,Setting linear velocity of a kinematic body is not supported.,UnityEngine.Rigidbody:set_velocity (UnityEngine.Vector3).  ProjectileTask:TaskBegin () (at Assets/Scripts/Tasks/ProjectileTask.cs:369).  ExperimentController:TrialBegin () (at Assets/Scripts/Core/ExperimentController.cs:258).  UnityEngine.Events.UnityEvent`1<UXF.Trial>:Invoke (UXF.Trial).  UXF.Trial:Begin () (at Assets/UXF/Scripts/Etc/Trial.cs:129).  UXF.Session:BeginNextTrial () (at Assets/UXF/Scripts/Session.cs:429).  UXF.Session:BeginNextTrialSafe () (at Assets/UXF/Scripts/Session.cs:439).  ExperimentController:BeginNextTrial () (at Assets/Scripts/Core/ExperimentController.cs:221).  ExperimentController:TrialEnd () (at Assets/Scripts/Core/ExperimentController.cs:301).  UnityEngine.Events.UnityEvent`1<UXF.Trial>:Invoke (UXF.Trial).  UXF.Trial:End () (at Assets/UXF/Scripts/Etc/Trial.cs:146).  UXF.Session:EndCurrentTrial () (at Assets/UXF/Scripts/Session.cs:421).  ExperimentController:Update () (at Assets/Scripts/Core/ExperimentController.cs:72).  
37.78159,Warning,Setting angular velocity of a kinematic body is not supported.,UnityEngine.Rigidbody:set_angularVelocity (UnityEngine.Vector3).  ProjectileTask:TaskBegin () (at Assets/Scripts/Tasks/ProjectileTask.cs:370).  ExperimentController:TrialBegin () (at Assets/Scripts/Core/ExperimentController.cs:258).  UnityEngine.Events.UnityEvent`1<UXF.Trial>:Invoke (UXF.Trial).  UXF.Trial:Begin () (at Assets/UXF/Scripts/Etc/Trial.cs:129).  UXF.Session:BeginNextTrial () (at Assets/UXF/Scripts/Session.cs:429).  UXF.Session:BeginNextTrialSafe () (at Assets/UXF/Scripts/Session.cs:439).  ExperimentController:BeginNextTrial () (at Assets/Scripts/Core/ExperimentController.cs:221).  ExperimentController:TrialEnd () (at Assets/Scripts/Core/ExperimentController.cs:301).  UnityEngine.Events.UnityEvent`1<UXF.Trial>:Invoke (UXF.Trial).  UXF.Trial:End () (at Assets/UXF/Scripts/Etc/Trial.cs:146).  UXF.Session:EndCurrentTrial () (at Assets/UXF/Scripts/Session.cs:421).  ExperimentController:Update () (at Assets/Scripts/Core/ExperimentController.cs:72).  
38.31042,Log,Button held,UnityEngine.Debug:Log (object).  ProjectileTask:Update () (at Assets/Scripts/Tasks/ProjectileTask.cs:170).  
38.4,Log,Launch time 0.08957672,UnityEngine.Debug:Log (object).  ProjectileTask:FixedUpdate () (at Assets/Scripts/Tasks/ProjectileTask.cs:124).  
38.4,Log,Launch vector (0.26 -0.07 0.96),UnityEngine.Debug:Log (object).  ProjectileTask:FixedUpdate () (at Assets/Scripts/Tasks/ProjectileTask.cs:125).  
38.4,Log,fire force: 5,UnityEngine.Debug:Log (object).  ProjectileTask:FixedUpdate () (at Assets/Scripts/Tasks/ProjectileTask.cs:135).  
38.4,Log,target angle: -30,UnityEngine.Debug:Log (object).  ProjectileTask:FixedUpdate () (at Assets/Scripts/Tasks/ProjectileTask.cs:136).  
38.4,Log,Launch force (0.29 0.00 1.07),UnityEngine.Debug:Log (object).  ProjectileTask:FixedUpdate () (at Assets/Scripts/Tasks/ProjectileTask.cs:152).  
38.4,Log,Launch mag 1.113436,UnityEngine.Debug:Log (object).  ProjectileTask:FixedUpdate () (at Assets/Scripts/Tasks/ProjectileTask.cs:153).  
39.5,Warning,Setting linear velocity of a kinematic body is not supported.,UnityEngine.Rigidbody:set_velocity (UnityEngine.Vector3).  BallDetector:OnTriggerEnter (UnityEngine.Collider) (at Assets/Scripts/Tasks/BallDetector.cs:14).  
39.51,Warning,Setting linear velocity of a kinematic body is not supported.,UnityEngine.Rigidbody:set_velocity (UnityEngine.Vector3).  BallDetector:OnTriggerEnter (UnityEngine.Collider) (at Assets/Scripts/Tasks/BallDetector.cs:14).  
39.52079,Log,Ball came to a stop,UnityEngine.Debug:Log (object).  ProjectileTask/<DisplayMessage>d__29:MoveNext () (at Assets/Scripts/Tasks/ProjectileTask.cs:308).  UnityEngine.MonoBehaviour:StartCoroutine (System.Collections.IEnumerator).  ProjectileTask:Update () (at Assets/Scripts/Tasks/ProjectileTask.cs:281).  
41.04601,Warning,Setting linear velocity of a kinematic body is not supported.,UnityEngine.Rigidbody:set_velocity (UnityEngine.Vector3).  ProjectileTask:TaskBegin () (at Assets/Scripts/Tasks/ProjectileTask.cs:369).  ExperimentController:TrialBegin () (at Assets/Scripts/Core/ExperimentController.cs:258).  UnityEngine.Events.UnityEvent`1<UXF.Trial>:Invoke (UXF.Trial).  UXF.Trial:Begin () (at Assets/UXF/Scripts/Etc/Trial.cs:129).  UXF.Session:BeginNextTrial () (at Assets/UXF/Scripts/Session.cs:429).  UXF.Session:BeginNextTrialSafe () (at Assets/UXF/Scripts/Session.cs:439).  ExperimentController:BeginNextTrial () (at Assets/Scripts/Core/ExperimentController.cs:221).  ExperimentController:TrialEnd () (at Assets/Scripts/Core/ExperimentController.cs:301).  UnityEngine.Events.UnityEvent`1<UXF.Trial>:Invoke (UXF.Trial).  UXF.Trial:End () (at Assets/UXF/Scripts/Etc/Trial.cs:146).  UXF.Session:EndCurrentTrial () (at Assets/UXF/Scripts/Session.cs:421).  ExperimentController:Update () (at Assets/Scripts/Core/ExperimentController.cs:72).  
41.04601,Warning,Setting angular velocity of a kinematic body is not supported.,UnityEngine.Rigidbody:set_angularVelocity (UnityEngine.Vector3).  ProjectileTask:TaskBegin () (at Assets/Scripts/Tasks/ProjectileTask.cs:370).  ExperimentController:TrialBegin () (at Assets/Scripts/Core/ExperimentController.cs:258).  UnityEngine.Events.UnityEvent`1<UXF.Trial>:Invoke (UXF.Trial).  UXF.Trial:Begin () (at Assets/UXF/Scripts/Etc/Trial.cs:129).  UXF.Session:BeginNextTrial () (at Assets/UXF/Scripts/Session.cs:429).  UXF.Session:BeginNextTrialSafe () (at Assets/UXF/Scripts/Session.cs:439).  ExperimentController:BeginNextTrial () (at Assets/Scripts/Core/ExperimentController.cs:221).  ExperimentController:TrialEnd () (at Assets/Scripts/Core/ExperimentController.cs:301).  UnityEngine.Events.UnityEvent`1<UXF.Trial>:Invoke (UXF.Trial).  UXF.Trial:End () (at Assets/UXF/Scripts/Etc/Trial.cs:146).  UXF.Session:EndCurrentTrial () (at Assets/UXF/Scripts/Session.cs:421).  ExperimentController:Update () (at Assets/Scripts/Core/ExperimentController.cs:72).  
41.72984,Log,Button held,UnityEngine.Debug:Log (object).  ProjectileTask:Update () (at Assets/Scripts/Tasks/ProjectileTask.cs:170).  
41.76,Log,Launch time 0.03015518,UnityEngine.Debug:Log (object).  ProjectileTask:FixedUpdate () (at Assets/Scripts/Tasks/ProjectileTask.cs:124).  
41.76,Log,Launch vector (0.38 0.22 0.90),UnityEngine.Debug:Log (object).  ProjectileTask:FixedUpdate () (at Assets/Scripts/Tasks/ProjectileTask.cs:125).  
41.76,Log,fire force: 4.5,UnityEngine.Debug:Log (object).  ProjectileTask:FixedUpdate () (at Assets/Scripts/Tasks/ProjectileTask.cs:135).  
41.76,Log,target angle: -35,UnityEngine.Debug:Log (object).  ProjectileTask:FixedUpdate () (at Assets/Scripts/Tasks/ProjectileTask.cs:136).  
41.76,Log,Launch force (0.87 0.00 2.08),UnityEngine.Debug:Log (object).  ProjectileTask:FixedUpdate () (at Assets/Scripts/Tasks/ProjectileTask.cs:152).  
41.76,Log,Launch mag 2.25,UnityEngine.Debug:Log (object).  ProjectileTask:FixedUpdate () (at Assets/Scripts/Tasks/ProjectileTask.cs:153).  
42.38,Warning,Setting linear velocity of a kinematic body is not supported.,UnityEngine.Rigidbody:set_velocity (UnityEngine.Vector3).  BallDetector:OnTriggerEnter (UnityEngine.Collider) (at Assets/Scripts/Tasks/BallDetector.cs:14).  
42.39,Warning,Setting linear velocity of a kinematic body is not supported.,UnityEngine.Rigidbody:set_velocity (UnityEngine.Vector3).  BallDetector:OnTriggerEnter (UnityEngine.Collider) (at Assets/Scripts/Tasks/BallDetector.cs:14).  
42.40087,Log,Ball came to a stop,UnityEngine.Debug:Log (object).  ProjectileTask/<DisplayMessage>d__29:MoveNext () (at Assets/Scripts/Tasks/ProjectileTask.cs:308).  UnityEngine.MonoBehaviour:StartCoroutine (System.Collections.IEnumerator).  ProjectileTask:Update () (at Assets/Scripts/Tasks/ProjectileTask.cs:281).  
43.94075,Warning,Setting linear velocity of a kinematic body is not supported.,UnityEngine.Rigidbody:set_velocity (UnityEngine.Vector3).  ProjectileTask:TaskBegin () (at Assets/Scripts/Tasks/ProjectileTask.cs:369).  ExperimentController:TrialBegin () (at Assets/Scripts/Core/ExperimentController.cs:258).  UnityEngine.Events.UnityEvent`1<UXF.Trial>:Invoke (UXF.Trial).  UXF.Trial:Begin () (at Assets/UXF/Scripts/Etc/Trial.cs:129).  UXF.Session:BeginNextTrial () (at Assets/UXF/Scripts/Session.cs:429).  UXF.Session:BeginNextTrialSafe () (at Assets/UXF/Scripts/Session.cs:439).  ExperimentController:BeginNextTrial () (at Assets/Scripts/Core/ExperimentController.cs:221).  ExperimentController:TrialEnd () (at Assets/Scripts/Core/ExperimentController.cs:301).  UnityEngine.Events.UnityEvent`1<UXF.Trial>:Invoke (UXF.Trial).  UXF.Trial:End () (at Assets/UXF/Scripts/Etc/Trial.cs:146).  UXF.Session:EndCurrentTrial () (at Assets/UXF/Scripts/Session.cs:421).  ExperimentController:Update () (at Assets/Scripts/Core/ExperimentController.cs:72).  
43.94075,Warning,Setting angular velocity of a kinematic body is not supported.,UnityEngine.Rigidbody:set_angularVelocity (UnityEngine.Vector3).  ProjectileTask:TaskBegin () (at Assets/Scripts/Tasks/ProjectileTask.cs:370).  ExperimentController:TrialBegin () (at Assets/Scripts/Core/ExperimentController.cs:258).  UnityEngine.Events.UnityEvent`1<UXF.Trial>:Invoke (UXF.Trial).  UXF.Trial:Begin () (at Assets/UXF/Scripts/Etc/Trial.cs:129).  UXF.Session:BeginNextTrial () (at Assets/UXF/Scripts/Session.cs:429).  UXF.Session:BeginNextTrialSafe () (at Assets/UXF/Scripts/Session.cs:439).  ExperimentController:BeginNextTrial () (at Assets/Scripts/Core/ExperimentController.cs:221).  ExperimentController:TrialEnd () (at Assets/Scripts/Core/ExperimentController.cs:301).  UnityEngine.Events.UnityEvent`1<UXF.Trial>:Invoke (UXF.Trial).  UXF.Trial:End () (at Assets/UXF/Scripts/Etc/Trial.cs:146).  UXF.Session:EndCurrentTrial () (at Assets/UXF/Scripts/Session.cs:421).  ExperimentController:Update () (at Assets/Scripts/Core/ExperimentController.cs:72).  
44.55413,Log,Button held,UnityEngine.Debug:Log (object).  ProjectileTask:Update () (at Assets/Scripts/Tasks/ProjectileTask.cs:170).  
44.62,Log,Launch time 0.06586838,UnityEngine.Debug:Log (object).  ProjectileTask:FixedUpdate () (at Assets/Scripts/Tasks/ProjectileTask.cs:124).  
44.62,Log,Launch vector (0.25 -0.13 0.96),UnityEngine.Debug:Log (object).  ProjectileTask:FixedUpdate () (at Assets/Scripts/Tasks/ProjectileTask.cs:125).  
44.62,Log,fire force: 4,UnityEngine.Debug:Log (object).  ProjectileTask:FixedUpdate () (at Assets/Scripts/Tasks/ProjectileTask.cs:135).  
44.62,Log,target angle: -40,UnityEngine.Debug:Log (object).  ProjectileTask:FixedUpdate () (at Assets/Scripts/Tasks/ProjectileTask.cs:136).  
44.62,Log,Launch force (0.30 0.00 1.16),UnityEngine.Debug:Log (object).  ProjectileTask:FixedUpdate () (at Assets/Scripts/Tasks/ProjectileTask.cs:152).  
44.62,Log,Launch mag 1.203636,UnityEngine.Debug:Log (object).  ProjectileTask:FixedUpdate () (at Assets/Scripts/Tasks/ProjectileTask.cs:153).  
45.72,Warning,Setting linear velocity of a kinematic body is not supported.,UnityEngine.Rigidbody:set_velocity (UnityEngine.Vector3).  BallDetector:OnTriggerEnter (UnityEngine.Collider) (at Assets/Scripts/Tasks/BallDetector.cs:14).  
45.73,Warning,Setting linear velocity of a kinematic body is not supported.,UnityEngine.Rigidbody:set_velocity (UnityEngine.Vector3).  BallDetector:OnTriggerEnter (UnityEngine.Collider) (at Assets/Scripts/Tasks/BallDetector.cs:14).  
45.7471,Log,Ball came to a stop,UnityEngine.Debug:Log (object).  ProjectileTask/<DisplayMessage>d__29:MoveNext () (at Assets/Scripts/Tasks/ProjectileTask.cs:308).  UnityEngine.MonoBehaviour:StartCoroutine (System.Collections.IEnumerator).  ProjectileTask:Update () (at Assets/Scripts/Tasks/ProjectileTask.cs:281).  
47.28807,Log,Input device set as vr_controller,UnityEngine.Debug:Log (object).  ExperimentController:TrialBegin () (at Assets/Scripts/Core/ExperimentController.cs:247).  UnityEngine.Events.UnityEvent`1<UXF.Trial>:Invoke (UXF.Trial).  UXF.Trial:Begin () (at Assets/UXF/Scripts/Etc/Trial.cs:129).  UXF.Session:BeginNextTrial () (at Assets/UXF/Scripts/Session.cs:429).  UXF.Session:BeginNextTrialSafe () (at Assets/UXF/Scripts/Session.cs:439).  ExperimentController:BeginNextTrial () (at Assets/Scripts/Core/ExperimentController.cs:221).  ExperimentController:TrialEnd () (at Assets/Scripts/Core/ExperimentController.cs:301).  UnityEngine.Events.UnityEvent`1<UXF.Trial>:Invoke (UXF.Trial).  UXF.Trial:End () (at Assets/UXF/Scripts/Etc/Trial.cs:146).  UXF.Session:EndCurrentTrial () (at Assets/UXF/Scripts/Session.cs:421).  ExperimentController:Update () (at Assets/Scripts/Core/ExperimentController.cs:72).  
47.28807,Log,Setting VR position,UnityEngine.Debug:Log (object).  BaseTask:SetUp () (at Assets/Scripts/Core/BaseTask.cs:180).  ProjectileTask:SetUp () (at Assets/Scripts/Tasks/ProjectileTask.cs:324).  ExperimentController:TrialBegin () (at Assets/Scripts/Core/ExperimentController.cs:255).  UnityEngine.Events.UnityEvent`1<UXF.Trial>:Invoke (UXF.Trial).  UXF.Trial:Begin () (at Assets/UXF/Scripts/Etc/Trial.cs:129).  UXF.Session:BeginNextTrial () (at Assets/UXF/Scripts/Session.cs:429).  UXF.Session:BeginNextTrialSafe () (at Assets/UXF/Scripts/Session.cs:439).  ExperimentController:BeginNextTrial () (at Assets/Scripts/Core/ExperimentController.cs:221).  ExperimentController:TrialEnd () (at Assets/Scripts/Core/ExperimentController.cs:301).  UnityEngine.Events.UnityEvent`1<UXF.Trial>:Invoke (UXF.Trial).  UXF.Trial:End () (at Assets/UXF/Scripts/Etc/Trial.cs:146).  UXF.Session:EndCurrentTrial () (at Assets/UXF/Scripts/Session.cs:421).  ExperimentController:Update () (at Assets/Scripts/Core/ExperimentController.cs:72).  
49.05956,Log,Button held,UnityEngine.Debug:Log (object).  ProjectileTask:Update () (at Assets/Scripts/Tasks/ProjectileTask.cs:170).  
49.15,Log,Launch time 0.09044266,UnityEngine.Debug:Log (object).  ProjectileTask:FixedUpdate () (at Assets/Scripts/Tasks/ProjectileTask.cs:124).  
49.15,Log,Launch vector (0.42 0.05 0.91),UnityEngine.Debug:Log (object).  ProjectileTask:FixedUpdate () (at Assets/Scripts/Tasks/ProjectileTask.cs:125).  
49.15,Log,fire force: 4.5,UnityEngine.Debug:Log (object).  ProjectileTask:FixedUpdate () (at Assets/Scripts/Tasks/ProjectileTask.cs:135).  
49.15,Log,target angle: -35,UnityEngine.Debug:Log (object).  ProjectileTask:FixedUpdate () (at Assets/Scripts/Tasks/ProjectileTask.cs:136).  
49.15,Log,Launch force (0.41 0.00 0.90),UnityEngine.Debug:Log (object).  ProjectileTask:FixedUpdate () (at Assets/Scripts/Tasks/ProjectileTask.cs:152).  
49.15,Log,Launch mag 0.9938163,UnityEngine.Debug:Log (object).  ProjectileTask:FixedUpdate () (at Assets/Scripts/Tasks/ProjectileTask.cs:153).  
50.28,Warning,Setting linear velocity of a kinematic body is not supported.,UnityEngine.Rigidbody:set_velocity (UnityEngine.Vector3).  BallDetector:OnTriggerEnter (UnityEngine.Collider) (at Assets/Scripts/Tasks/BallDetector.cs:14).  
50.29,Warning,Setting linear velocity of a kinematic body is not supported.,UnityEngine.Rigidbody:set_velocity (UnityEngine.Vector3).  BallDetector:OnTriggerEnter (UnityEngine.Collider) (at Assets/Scripts/Tasks/BallDetector.cs:14).  
50.30229,Log,Ball came to a stop,UnityEngine.Debug:Log (object).  ProjectileTask/<DisplayMessage>d__29:MoveNext () (at Assets/Scripts/Tasks/ProjectileTask.cs:308).  UnityEngine.MonoBehaviour:StartCoroutine (System.Collections.IEnumerator).  ProjectileTask:Update () (at Assets/Scripts/Tasks/ProjectileTask.cs:281).  
51.84328,Warning,Setting linear velocity of a kinematic body is not supported.,UnityEngine.Rigidbody:set_velocity (UnityEngine.Vector3).  ProjectileTask:TaskBegin () (at Assets/Scripts/Tasks/ProjectileTask.cs:369).  ExperimentController:TrialBegin () (at Assets/Scripts/Core/ExperimentController.cs:258).  UnityEngine.Events.UnityEvent`1<UXF.Trial>:Invoke (UXF.Trial).  UXF.Trial:Begin () (at Assets/UXF/Scripts/Etc/Trial.cs:129).  UXF.Session:BeginNextTrial () (at Assets/UXF/Scripts/Session.cs:429).  UXF.Session:BeginNextTrialSafe () (at Assets/UXF/Scripts/Session.cs:439).  ExperimentController:BeginNextTrial () (at Assets/Scripts/Core/ExperimentController.cs:221).  ExperimentController:TrialEnd () (at Assets/Scripts/Core/ExperimentController.cs:301).  UnityEngine.Events.UnityEvent`1<UXF.Trial>:Invoke (UXF.Trial).  UXF.Trial:End () (at Assets/UXF/Scripts/Etc/Trial.cs:146).  UXF.Session:EndCurrentTrial () (at Assets/UXF/Scripts/Session.cs:421).  ExperimentController:Update () (at Assets/Scripts/Core/ExperimentController.cs:72).  
51.84328,Warning,Setting angular velocity of a kinematic body is not supported.,UnityEngine.Rigidbody:set_angularVelocity (UnityEngine.Vector3).  ProjectileTask:TaskBegin () (at Assets/Scripts/Tasks/ProjectileTask.cs:370).  ExperimentController:TrialBegin () (at Assets/Scripts/Core/ExperimentController.cs:258).  UnityEngine.Events.UnityEvent`1<UXF.Trial>:Invoke (UXF.Trial).  UXF.Trial:Begin () (at Assets/UXF/Scripts/Etc/Trial.cs:129).  UXF.Session:BeginNextTrial () (at Assets/UXF/Scripts/Session.cs:429).  UXF.Session:BeginNextTrialSafe () (at Assets/UXF/Scripts/Session.cs:439).  ExperimentController:BeginNextTrial () (at Assets/Scripts/Core/ExperimentController.cs:221).  ExperimentController:TrialEnd () (at Assets/Scripts/Core/ExperimentController.cs:301).  UnityEngine.Events.UnityEvent`1<UXF.Trial>:Invoke (UXF.Trial).  UXF.Trial:End () (at Assets/UXF/Scripts/Etc/Trial.cs:146).  UXF.Session:EndCurrentTrial () (at Assets/UXF/Scripts/Session.cs:421).  ExperimentController:Update () (at Assets/Scripts/Core/ExperimentController.cs:72).  
52.57078,Log,Button held,UnityEngine.Debug:Log (object).  ProjectileTask:Update () (at Assets/Scripts/Tasks/ProjectileTask.cs:170).  
52.63,Log,Launch time 0.05921936,UnityEngine.Debug:Log (object).  ProjectileTask:FixedUpdate () (at Assets/Scripts/Tasks/ProjectileTask.cs:124).  
52.63,Log,Launch vector (0.51 -0.09 0.86),UnityEngine.Debug:Log (object).  ProjectileTask:FixedUpdate () (at Assets/Scripts/Tasks/ProjectileTask.cs:125).  
52.63,Log,fire force: 4,UnityEngine.Debug:Log (object).  ProjectileTask:FixedUpdate () (at Assets/Scripts/Tasks/ProjectileTask.cs:135).  
52.63,Log,target angle: -40,UnityEngine.Debug:Log (object).  ProjectileTask:FixedUpdate () (at Assets/Scripts/Tasks/ProjectileTask.cs:136).  
52.63,Log,Launch force (0.68 0.00 1.16),UnityEngine.Debug:Log (object).  ProjectileTask:FixedUpdate () (at Assets/Scripts/Tasks/ProjectileTask.cs:152).  
52.63,Log,Launch mag 1.345007,UnityEngine.Debug:Log (object).  ProjectileTask:FixedUpdate () (at Assets/Scripts/Tasks/ProjectileTask.cs:153).  
53.75,Warning,Setting linear velocity of a kinematic body is not supported.,UnityEngine.Rigidbody:set_velocity (UnityEngine.Vector3).  BallDetector:OnTriggerEnter (UnityEngine.Collider) (at Assets/Scripts/Tasks/BallDetector.cs:14).  
53.76,Warning,Setting linear velocity of a kinematic body is not supported.,UnityEngine.Rigidbody:set_velocity (UnityEngine.Vector3).  BallDetector:OnTriggerEnter (UnityEngine.Collider) (at Assets/Scripts/Tasks/BallDetector.cs:14).  
53.76684,Log,Ball came to a stop,UnityEngine.Debug:Log (object).  ProjectileTask/<DisplayMessage>d__29:MoveNext () (at Assets/Scripts/Tasks/ProjectileTask.cs:308).  UnityEngine.MonoBehaviour:StartCoroutine (System.Collections.IEnumerator).  ProjectileTask:Update () (at Assets/Scripts/Tasks/ProjectileTask.cs:281).  
55.29747,Warning,Setting linear velocity of a kinematic body is not supported.,UnityEngine.Rigidbody:set_velocity (UnityEngine.Vector3).  ProjectileTask:TaskBegin () (at Assets/Scripts/Tasks/ProjectileTask.cs:369).  ExperimentController:TrialBegin () (at Assets/Scripts/Core/ExperimentController.cs:258).  UnityEngine.Events.UnityEvent`1<UXF.Trial>:Invoke (UXF.Trial).  UXF.Trial:Begin () (at Assets/UXF/Scripts/Etc/Trial.cs:129).  UXF.Session:BeginNextTrial () (at Assets/UXF/Scripts/Session.cs:429).  UXF.Session:BeginNextTrialSafe () (at Assets/UXF/Scripts/Session.cs:439).  ExperimentController:BeginNextTrial () (at Assets/Scripts/Core/ExperimentController.cs:221).  ExperimentController:TrialEnd () (at Assets/Scripts/Core/ExperimentController.cs:301).  UnityEngine.Events.UnityEvent`1<UXF.Trial>:Invoke (UXF.Trial).  UXF.Trial:End () (at Assets/UXF/Scripts/Etc/Trial.cs:146).  UXF.Session:EndCurrentTrial () (at Assets/UXF/Scripts/Session.cs:421).  ExperimentController:Update () (at Assets/Scripts/Core/ExperimentController.cs:72).  
55.29747,Warning,Setting angular velocity of a kinematic body is not supported.,UnityEngine.Rigidbody:set_angularVelocity (UnityEngine.Vector3).  ProjectileTask:TaskBegin () (at Assets/Scripts/Tasks/ProjectileTask.cs:370).  ExperimentController:TrialBegin () (at Assets/Scripts/Core/ExperimentController.cs:258).  UnityEngine.Events.UnityEvent`1<UXF.Trial>:Invoke (UXF.Trial).  UXF.Trial:Begin () (at Assets/UXF/Scripts/Etc/Trial.cs:129).  UXF.Session:BeginNextTrial () (at Assets/UXF/Scripts/Session.cs:429).  UXF.Session:BeginNextTrialSafe () (at Assets/UXF/Scripts/Session.cs:439).  ExperimentController:BeginNextTrial () (at Assets/Scripts/Core/ExperimentController.cs:221).  ExperimentController:TrialEnd () (at Assets/Scripts/Core/ExperimentController.cs:301).  UnityEngine.Events.UnityEvent`1<UXF.Trial>:Invoke (UXF.Trial).  UXF.Trial:End () (at Assets/UXF/Scripts/Etc/Trial.cs:146).  UXF.Session:EndCurrentTrial () (at Assets/UXF/Scripts/Session.cs:421).  ExperimentController:Update () (at Assets/Scripts/Core/ExperimentController.cs:72).  
55.96754,Log,Button held,UnityEngine.Debug:Log (object).  ProjectileTask:Update () (at Assets/Scripts/Tasks/ProjectileTask.cs:170).  
56.06,Log,Launch time 0.092453,UnityEngine.Debug:Log (object).  ProjectileTask:FixedUpdate () (at Assets/Scripts/Tasks/ProjectileTask.cs:124).  
56.06,Log,Launch vector (0.46 -0.01 0.89),UnityEngine.Debug:Log (object).  ProjectileTask:FixedUpdate () (at Assets/Scripts/Tasks/ProjectileTask.cs:125).  
56.06,Log,fire force: 5,UnityEngine.Debug:Log (object).  ProjectileTask:FixedUpdate () (at Assets/Scripts/Tasks/ProjectileTask.cs:135).  
56.06,Log,target angle: -30,UnityEngine.Debug:Log (object).  ProjectileTask:FixedUpdate () (at Assets/Scripts/Tasks/ProjectileTask.cs:136).  
56.06,Log,Launch force (0.50 0.00 0.96),UnityEngine.Debug:Log (object).  ProjectileTask:FixedUpdate () (at Assets/Scripts/Tasks/ProjectileTask.cs:152).  
56.06,Log,Launch mag 1.081531,UnityEngine.Debug:Log (object).  ProjectileTask:FixedUpdate () (at Assets/Scripts/Tasks/ProjectileTask.cs:153).  
57.21,Warning,Setting linear velocity of a kinematic body is not supported.,UnityEngine.Rigidbody:set_velocity (UnityEngine.Vector3).  BallDetector:OnTriggerEnter (UnityEngine.Collider) (at Assets/Scripts/Tasks/BallDetector.cs:14).  
57.21937,Log,Ball came to a stop,UnityEngine.Debug:Log (object).  ProjectileTask/<DisplayMessage>d__29:MoveNext () (at Assets/Scripts/Tasks/ProjectileTask.cs:308).  UnityEngine.MonoBehaviour:StartCoroutine (System.Collections.IEnumerator).  ProjectileTask:Update () (at Assets/Scripts/Tasks/ProjectileTask.cs:281).  
57.22,Warning,Setting linear velocity of a kinematic body is not supported.,UnityEngine.Rigidbody:set_velocity (UnityEngine.Vector3).  BallDetector:OnTriggerEnter (UnityEngine.Collider) (at Assets/Scripts/Tasks/BallDetector.cs:14).  
58.75481,Warning,Setting linear velocity of a kinematic body is not supported.,UnityEngine.Rigidbody:set_velocity (UnityEngine.Vector3).  ProjectileTask:TaskBegin () (at Assets/Scripts/Tasks/ProjectileTask.cs:369).  ExperimentController:TrialBegin () (at Assets/Scripts/Core/ExperimentController.cs:258).  UnityEngine.Events.UnityEvent`1<UXF.Trial>:Invoke (UXF.Trial).  UXF.Trial:Begin () (at Assets/UXF/Scripts/Etc/Trial.cs:129).  UXF.Session:BeginNextTrial () (at Assets/UXF/Scripts/Session.cs:429).  UXF.Session:BeginNextTrialSafe () (at Assets/UXF/Scripts/Session.cs:439).  ExperimentController:BeginNextTrial () (at Assets/Scripts/Core/ExperimentController.cs:221).  ExperimentController:TrialEnd () (at Assets/Scripts/Core/ExperimentController.cs:301).  UnityEngine.Events.UnityEvent`1<UXF.Trial>:Invoke (UXF.Trial).  UXF.Trial:End () (at Assets/UXF/Scripts/Etc/Trial.cs:146).  UXF.Session:EndCurrentTrial () (at Assets/UXF/Scripts/Session.cs:421).  ExperimentController:Update () (at Assets/Scripts/Core/ExperimentController.cs:72).  
58.75481,Warning,Setting angular velocity of a kinematic body is not supported.,UnityEngine.Rigidbody:set_angularVelocity (UnityEngine.Vector3).  ProjectileTask:TaskBegin () (at Assets/Scripts/Tasks/ProjectileTask.cs:370).  ExperimentController:TrialBegin () (at Assets/Scripts/Core/ExperimentController.cs:258).  UnityEngine.Events.UnityEvent`1<UXF.Trial>:Invoke (UXF.Trial).  UXF.Trial:Begin () (at Assets/UXF/Scripts/Etc/Trial.cs:129).  UXF.Session:BeginNextTrial () (at Assets/UXF/Scripts/Session.cs:429).  UXF.Session:BeginNextTrialSafe () (at Assets/UXF/Scripts/Session.cs:439).  ExperimentController:BeginNextTrial () (at Assets/Scripts/Core/ExperimentController.cs:221).  ExperimentController:TrialEnd () (at Assets/Scripts/Core/ExperimentController.cs:301).  UnityEngine.Events.UnityEvent`1<UXF.Trial>:Invoke (UXF.Trial).  UXF.Trial:End () (at Assets/UXF/Scripts/Etc/Trial.cs:146).  UXF.Session:EndCurrentTrial () (at Assets/UXF/Scripts/Session.cs:421).  ExperimentController:Update () (at Assets/Scripts/Core/ExperimentController.cs:72).  
60.08787,Log,Button held,UnityEngine.Debug:Log (object).  ProjectileTask:Update () (at Assets/Scripts/Tasks/ProjectileTask.cs:170).  
60.15,Log,Launch time 0.06212997,UnityEngine.Debug:Log (object).  ProjectileTask:FixedUpdate () (at Assets/Scripts/Tasks/ProjectileTask.cs:124).  
60.15,Log,Launch vector (0.03 0.02 1.00),UnityEngine.Debug:Log (object).  ProjectileTask:FixedUpdate () (at Assets/Scripts/Tasks/ProjectileTask.cs:125).  
60.15,Log,fire force: 4,UnityEngine.Debug:Log (object).  ProjectileTask:FixedUpdate () (at Assets/Scripts/Tasks/ProjectileTask.cs:135).  
60.15,Log,target angle: -40,UnityEngine.Debug:Log (object).  ProjectileTask:FixedUpdate () (at Assets/Scripts/Tasks/ProjectileTask.cs:136).  
60.15,Log,Launch force (0.04 0.00 1.29),UnityEngine.Debug:Log (object).  ProjectileTask:FixedUpdate () (at Assets/Scripts/Tasks/ProjectileTask.cs:152).  
60.15,Log,Launch mag 1.287233,UnityEngine.Debug:Log (object).  ProjectileTask:FixedUpdate () (at Assets/Scripts/Tasks/ProjectileTask.cs:153).  
61.16,Warning,Setting linear velocity of a kinematic body is not supported.,UnityEngine.Rigidbody:set_velocity (UnityEngine.Vector3).  BallDetector:OnTriggerEnter (UnityEngine.Collider) (at Assets/Scripts/Tasks/BallDetector.cs:14).  
61.16645,Log,Ball came to a stop,UnityEngine.Debug:Log (object).  ProjectileTask/<DisplayMessage>d__29:MoveNext () (at Assets/Scripts/Tasks/ProjectileTask.cs:308).  UnityEngine.MonoBehaviour:StartCoroutine (System.Collections.IEnumerator).  ProjectileTask:Update () (at Assets/Scripts/Tasks/ProjectileTask.cs:281).  
61.17,Warning,Setting linear velocity of a kinematic body is not supported.,UnityEngine.Rigidbody:set_velocity (UnityEngine.Vector3).  BallDetector:OnTriggerEnter (UnityEngine.Collider) (at Assets/Scripts/Tasks/BallDetector.cs:14).  
62.71211,Warning,Setting linear velocity of a kinematic body is not supported.,UnityEngine.Rigidbody:set_velocity (UnityEngine.Vector3).  ProjectileTask:TaskBegin () (at Assets/Scripts/Tasks/ProjectileTask.cs:369).  ExperimentController:TrialBegin () (at Assets/Scripts/Core/ExperimentController.cs:258).  UnityEngine.Events.UnityEvent`1<UXF.Trial>:Invoke (UXF.Trial).  UXF.Trial:Begin () (at Assets/UXF/Scripts/Etc/Trial.cs:129).  UXF.Session:BeginNextTrial () (at Assets/UXF/Scripts/Session.cs:429).  UXF.Session:BeginNextTrialSafe () (at Assets/UXF/Scripts/Session.cs:439).  ExperimentController:BeginNextTrial () (at Assets/Scripts/Core/ExperimentController.cs:221).  ExperimentController:TrialEnd () (at Assets/Scripts/Core/ExperimentController.cs:301).  UnityEngine.Events.UnityEvent`1<UXF.Trial>:Invoke (UXF.Trial).  UXF.Trial:End () (at Assets/UXF/Scripts/Etc/Trial.cs:146).  UXF.Session:EndCurrentTrial () (at Assets/UXF/Scripts/Session.cs:421).  ExperimentController:Update () (at Assets/Scripts/Core/ExperimentController.cs:72).  
62.71211,Warning,Setting angular velocity of a kinematic body is not supported.,UnityEngine.Rigidbody:set_angularVelocity (UnityEngine.Vector3).  ProjectileTask:TaskBegin () (at Assets/Scripts/Tasks/ProjectileTask.cs:370).  ExperimentController:TrialBegin () (at Assets/Scripts/Core/ExperimentController.cs:258).  UnityEngine.Events.UnityEvent`1<UXF.Trial>:Invoke (UXF.Trial).  UXF.Trial:Begin () (at Assets/UXF/Scripts/Etc/Trial.cs:129).  UXF.Session:BeginNextTrial () (at Assets/UXF/Scripts/Session.cs:429).  UXF.Session:BeginNextTrialSafe () (at Assets/UXF/Scripts/Session.cs:439).  ExperimentController:BeginNextTrial () (at Assets/Scripts/Core/ExperimentController.cs:221).  ExperimentController:TrialEnd () (at Assets/Scripts/Core/ExperimentController.cs:301).  UnityEngine.Events.UnityEvent`1<UXF.Trial>:Invoke (UXF.Trial).  UXF.Trial:End () (at Assets/UXF/Scripts/Etc/Trial.cs:146).  UXF.Session:EndCurrentTrial () (at Assets/UXF/Scripts/Session.cs:421).  ExperimentController:Update () (at Assets/Scripts/Core/ExperimentController.cs:72).  
66.07729,Log,Button held,UnityEngine.Debug:Log (object).  ProjectileTask:Update () (at Assets/Scripts/Tasks/ProjectileTask.cs:170).  
66.17,Log,Launch time 0.09270477,UnityEngine.Debug:Log (object).  ProjectileTask:FixedUpdate () (at Assets/Scripts/Tasks/ProjectileTask.cs:124).  
66.17,Log,Launch vector (0.65 0.05 0.76),UnityEngine.Debug:Log (object).  ProjectileTask:FixedUpdate () (at Assets/Scripts/Tasks/ProjectileTask.cs:125).  
66.17,Log,fire force: 4.5,UnityEngine.Debug:Log (object).  ProjectileTask:FixedUpdate () (at Assets/Scripts/Tasks/ProjectileTask.cs:135).  
66.17,Log,target angle: -35,UnityEngine.Debug:Log (object).  ProjectileTask:FixedUpdate () (at Assets/Scripts/Tasks/ProjectileTask.cs:136).  
66.17,Log,Launch force (0.63 0.00 0.73),UnityEngine.Debug:Log (object).  ProjectileTask:FixedUpdate () (at Assets/Scripts/Tasks/ProjectileTask.cs:152).  
66.17,Log,Launch mag 0.9694003,UnityEngine.Debug:Log (object).  ProjectileTask:FixedUpdate () (at Assets/Scripts/Tasks/ProjectileTask.cs:153).  
67.35,Warning,Setting linear velocity of a kinematic body is not supported.,UnityEngine.Rigidbody:set_velocity (UnityEngine.Vector3).  BallDetector:OnTriggerEnter (UnityEngine.Collider) (at Assets/Scripts/Tasks/BallDetector.cs:14).  
67.36,Warning,Setting linear velocity of a kinematic body is not supported.,UnityEngine.Rigidbody:set_velocity (UnityEngine.Vector3).  BallDetector:OnTriggerEnter (UnityEngine.Collider) (at Assets/Scripts/Tasks/BallDetector.cs:14).  
67.36305,Log,Ball came to a stop,UnityEngine.Debug:Log (object).  ProjectileTask/<DisplayMessage>d__29:MoveNext () (at Assets/Scripts/Tasks/ProjectileTask.cs:308).  UnityEngine.MonoBehaviour:StartCoroutine (System.Collections.IEnumerator).  ProjectileTask:Update () (at Assets/Scripts/Tasks/ProjectileTask.cs:281).  
68.90752,Warning,Setting linear velocity of a kinematic body is not supported.,UnityEngine.Rigidbody:set_velocity (UnityEngine.Vector3).  ProjectileTask:TaskBegin () (at Assets/Scripts/Tasks/ProjectileTask.cs:369).  ExperimentController:TrialBegin () (at Assets/Scripts/Core/ExperimentController.cs:258).  UnityEngine.Events.UnityEvent`1<UXF.Trial>:Invoke (UXF.Trial).  UXF.Trial:Begin () (at Assets/UXF/Scripts/Etc/Trial.cs:129).  UXF.Session:BeginNextTrial () (at Assets/UXF/Scripts/Session.cs:429).  UXF.Session:BeginNextTrialSafe () (at Assets/UXF/Scripts/Session.cs:439).  ExperimentController:BeginNextTrial () (at Assets/Scripts/Core/ExperimentController.cs:221).  ExperimentController:TrialEnd () (at Assets/Scripts/Core/ExperimentController.cs:301).  UnityEngine.Events.UnityEvent`1<UXF.Trial>:Invoke (UXF.Trial).  UXF.Trial:End () (at Assets/UXF/Scripts/Etc/Trial.cs:146).  UXF.Session:EndCurrentTrial () (at Assets/UXF/Scripts/Session.cs:421).  ExperimentController:Update () (at Assets/Scripts/Core/ExperimentController.cs:72).  
68.90752,Warning,Setting angular velocity of a kinematic body is not supported.,UnityEngine.Rigidbody:set_angularVelocity (UnityEngine.Vector3).  ProjectileTask:TaskBegin () (at Assets/Scripts/Tasks/ProjectileTask.cs:370).  ExperimentController:TrialBegin () (at Assets/Scripts/Core/ExperimentController.cs:258).  UnityEngine.Events.UnityEvent`1<UXF.Trial>:Invoke (UXF.Trial).  UXF.Trial:Begin () (at Assets/UXF/Scripts/Etc/Trial.cs:129).  UXF.Session:BeginNextTrial () (at Assets/UXF/Scripts/Session.cs:429).  UXF.Session:BeginNextTrialSafe () (at Assets/UXF/Scripts/Session.cs:439).  ExperimentController:BeginNextTrial () (at Assets/Scripts/Core/ExperimentController.cs:221).  ExperimentController:TrialEnd () (at Assets/Scripts/Core/ExperimentController.cs:301).  UnityEngine.Events.UnityEvent`1<UXF.Trial>:Invoke (UXF.Trial).  UXF.Trial:End () (at Assets/UXF/Scripts/Etc/Trial.cs:146).  UXF.Session:EndCurrentTrial () (at Assets/UXF/Scripts/Session.cs:421).  ExperimentController:Update () (at Assets/Scripts/Core/ExperimentController.cs:72).  
